,FaceId,Filename,Face,Consider
0,face1,20161006_222700.jpg,"[[ 96  80  88 ... 238 238 238]
 [ 90  85  89 ... 238 238 238]
 [ 87  86  90 ... 238 238 238]
 ...
 [ 63  61  59 ... 251 254 242]
 [ 64  60  57 ... 217 254 247]
 [ 65  61  59 ... 162 249 254]]",1
1,face2,20161007_203010.jpg,"[[255 254 250 ... 191 191 191]
 [239 255 255 ... 191 192 192]
 [ 71 136 179 ... 192 192 192]
 ...
 [252 252 252 ... 255 255 255]
 [252 252 251 ... 255 255 255]
 [252 251 251 ... 255 255 255]]",1
2,face3,20161007_203010.jpg,"[[185 185 184 ...  30  27  29]
 [186 185 185 ...  29  28  28]
 [186 186 186 ...  29  29  28]
 ...
 [ 78  76  76 ... 118 122 113]
 [ 78  78  77 ... 109 112 109]
 [ 76  76  77 ... 101  93  96]]",0
3,face4,20161007_203010.jpg,"[[174 174 174 ... 253 254 250]
 [174 174 174 ... 254 251 254]
 [174 174 174 ... 250 254 254]
 ...
 [224 232 228 ...  47  42  42]
 [220 214 216 ...  46  41  43]
 [216 217 214 ...  46  43  45]]",0
4,face5,20161007_203010.jpg,"[[111  85  79 ... 108 131 135]
 [ 95  93  90 ... 114 134 120]
 [ 89  92  85 ... 118 129 140]
 ...
 [164 157 176 ...  29  29  28]
 [137 158 170 ...  28  28  28]
 [122 133 162 ...  28  27  27]]",0
5,face6,20161008_021946.jpg,"[[192 194 185 ...  35  34  34]
 [190 184 188 ...  33  33  33]
 [185 188 185 ...  41  42  43]
 ...
 [ 57  59  60 ... 132 136 140]
 [ 59  60  58 ... 114 126 143]
 [ 62  62  62 ... 117 130 139]]",0
6,face7,20161008_021946.jpg,"[[ 25  24  26 ... 171 171 169]
 [ 24  24  26 ... 173 173 172]
 [ 24  24  25 ... 175 176 174]
 ...
 [ 93 117 134 ... 165 133 138]
 [ 76  88 118 ... 191 170 178]
 [ 76  81 108 ... 143 142 171]]",1
