Survived,Pclass,Age,SibSp,Parch,Fare,Sex_male,Embarked_Q,Embarked_S
0.0,3.0,22.0,1.0,0.0,7.25,1.0,0.0,1.0
1.0,1.0,38.0,1.0,0.0,71.2833,0.0,0.0,0.0
1.0,3.0,26.0,0.0,0.0,7.925,0.0,0.0,1.0
1.0,1.0,35.0,1.0,0.0,53.1,0.0,0.0,1.0
0.0,3.0,35.0,0.0,0.0,8.05,1.0,0.0,1.0
0.0,3.0,30.730289775625117,0.0,0.0,8.4583,1.0,1.0,0.0
0.0,1.0,54.0,0.0,0.0,51.8625,1.0,0.0,1.0
0.0,3.0,2.0,3.0,1.0,21.075,1.0,0.0,1.0
1.0,3.0,27.0,0.0,2.0,11.1333,0.0,0.0,1.0
1.0,2.0,14.0,1.0,0.0,30.0708,0.0,0.0,0.0
1.0,3.0,4.0,1.0,1.0,16.7,0.0,0.0,1.0
1.0,1.0,58.0,0.0,0.0,26.55,0.0,0.0,1.0
0.0,3.0,20.0,0.0,0.0,8.05,1.0,0.0,1.0
0.0,3.0,39.0,1.0,5.0,31.275,1.0,0.0,1.0
0.0,3.0,14.0,0.0,0.0,7.8542,0.0,0.0,1.0
1.0,2.0,55.0,0.0,0.0,16.0,0.0,0.0,1.0
0.0,3.0,2.0,4.0,1.0,29.125,1.0,1.0,0.0
1.0,2.0,30.698666204721956,0.0,0.0,13.0,1.0,0.0,1.0
0.0,3.0,31.0,1.0,0.0,18.0,0.0,0.0,1.0
1.0,3.0,21.751290909569096,0.0,0.0,7.225,0.0,0.0,0.0
0.0,2.0,35.0,0.0,0.0,26.0,1.0,0.0,1.0
1.0,2.0,34.0,0.0,0.0,13.0,1.0,0.0,1.0
1.0,3.0,15.0,0.0,0.0,8.0292,0.0,1.0,0.0
1.0,1.0,28.0,0.0,0.0,35.5,1.0,0.0,1.0
0.0,3.0,8.0,3.0,1.0,21.075,0.0,0.0,1.0
1.0,3.0,38.0,1.0,5.0,31.3875,0.0,0.0,1.0
0.0,3.0,27.982413810099565,0.0,0.0,7.225,1.0,0.0,0.0
0.0,1.0,19.0,3.0,2.0,263.0,1.0,0.0,1.0
1.0,3.0,24.505921400399643,0.0,0.0,7.8792,0.0,1.0,0.0
0.0,3.0,29.102728060062166,0.0,0.0,7.8958,1.0,0.0,1.0
0.0,1.0,40.0,0.0,0.0,27.7208,1.0,0.0,0.0
1.0,1.0,31.85034797465058,1.0,0.0,146.5208,0.0,0.0,0.0
1.0,3.0,24.50742836753728,0.0,0.0,7.75,0.0,1.0,0.0
0.0,2.0,66.0,0.0,0.0,10.5,1.0,0.0,1.0
0.0,1.0,28.0,1.0,0.0,82.1708,1.0,0.0,0.0
0.0,1.0,42.0,1.0,0.0,52.0,1.0,0.0,1.0
1.0,3.0,21.784525036826604,0.0,0.0,7.2292,1.0,0.0,0.0
0.0,3.0,21.0,0.0,0.0,8.05,1.0,0.0,1.0
0.0,3.0,18.0,2.0,0.0,18.0,0.0,0.0,1.0
1.0,3.0,14.0,1.0,0.0,11.2417,0.0,0.0,0.0
0.0,3.0,40.0,1.0,0.0,9.475,0.0,0.0,1.0
0.0,2.0,27.0,1.0,0.0,21.0,0.0,0.0,1.0
0.0,3.0,27.974589711369475,0.0,0.0,7.8958,1.0,0.0,0.0
1.0,2.0,3.0,1.0,2.0,41.5792,0.0,0.0,0.0
1.0,3.0,19.0,0.0,0.0,7.8792,0.0,1.0,0.0
0.0,3.0,29.100929497116162,0.0,0.0,8.05,1.0,0.0,1.0
0.0,3.0,26.665311562998845,1.0,0.0,15.5,1.0,1.0,0.0
1.0,3.0,24.50742836753728,0.0,0.0,7.75,0.0,1.0,0.0
0.0,3.0,19.848132435817334,2.0,0.0,21.6792,1.0,0.0,0.0
0.0,3.0,18.0,1.0,0.0,17.8,0.0,0.0,1.0
0.0,3.0,7.0,4.0,1.0,39.6875,1.0,0.0,1.0
0.0,3.0,21.0,0.0,0.0,7.8,1.0,0.0,1.0
1.0,1.0,49.0,1.0,0.0,76.7292,0.0,0.0,0.0
1.0,2.0,29.0,1.0,0.0,26.0,0.0,0.0,1.0
0.0,1.0,65.0,0.0,1.0,61.9792,1.0,0.0,0.0
1.0,1.0,38.28954244003164,0.0,0.0,35.5,1.0,0.0,1.0
1.0,2.0,21.0,0.0,0.0,10.5,0.0,0.0,1.0
0.0,3.0,28.5,0.0,0.0,7.2292,1.0,0.0,0.0
1.0,2.0,5.0,1.0,2.0,27.75,0.0,0.0,1.0
0.0,3.0,11.0,5.0,2.0,46.9,1.0,0.0,1.0
0.0,3.0,22.0,0.0,0.0,7.2292,1.0,0.0,0.0
1.0,1.0,38.0,0.0,0.0,80.0,0.0,0.0,0.0
0.0,1.0,45.0,1.0,0.0,83.475,1.0,0.0,1.0
0.0,3.0,4.0,3.0,2.0,27.9,1.0,0.0,1.0
0.0,1.0,43.449979161013886,0.0,0.0,27.7208,1.0,0.0,0.0
1.0,3.0,16.85066425635062,1.0,1.0,15.2458,1.0,0.0,0.0
1.0,2.0,29.0,0.0,0.0,10.5,0.0,0.0,1.0
0.0,3.0,19.0,0.0,0.0,8.1583,1.0,0.0,1.0
1.0,3.0,17.0,4.0,2.0,7.925,0.0,0.0,1.0
0.0,3.0,26.0,2.0,0.0,8.6625,1.0,0.0,1.0
0.0,2.0,32.0,0.0,0.0,10.5,1.0,0.0,1.0
0.0,3.0,16.0,5.0,2.0,46.9,0.0,0.0,1.0
0.0,2.0,21.0,0.0,0.0,73.5,1.0,0.0,1.0
0.0,3.0,26.0,1.0,0.0,14.4542,1.0,0.0,0.0
1.0,3.0,32.0,0.0,0.0,56.4958,1.0,0.0,1.0
0.0,3.0,25.0,0.0,0.0,7.65,1.0,0.0,1.0
0.0,3.0,29.102728060062166,0.0,0.0,7.8958,1.0,0.0,1.0
0.0,3.0,29.100929497116162,0.0,0.0,8.05,1.0,0.0,1.0
1.0,2.0,0.83,0.0,2.0,29.0,1.0,0.0,1.0
1.0,3.0,30.0,0.0,0.0,12.475,0.0,0.0,1.0
0.0,3.0,22.0,0.0,0.0,9.0,1.0,0.0,1.0
1.0,3.0,29.0,0.0,0.0,9.5,1.0,0.0,1.0
1.0,3.0,24.506990973824735,0.0,0.0,7.7875,0.0,1.0,0.0
0.0,1.0,28.0,0.0,0.0,47.1,1.0,0.0,1.0
1.0,2.0,17.0,0.0,0.0,10.5,0.0,0.0,1.0
1.0,3.0,33.0,3.0,0.0,15.85,0.0,0.0,1.0
0.0,3.0,16.0,1.0,3.0,34.375,1.0,0.0,1.0
0.0,3.0,29.100929497116162,0.0,0.0,8.05,1.0,0.0,1.0
1.0,1.0,23.0,3.0,2.0,263.0,0.0,0.0,1.0
0.0,3.0,24.0,0.0,0.0,8.05,1.0,0.0,1.0
0.0,3.0,29.0,0.0,0.0,8.05,1.0,0.0,1.0
0.0,3.0,20.0,0.0,0.0,7.8542,1.0,0.0,1.0
0.0,1.0,46.0,1.0,0.0,61.175,1.0,0.0,1.0
0.0,3.0,26.0,1.0,2.0,20.575,1.0,0.0,1.0
0.0,3.0,59.0,0.0,0.0,7.25,1.0,0.0,1.0
0.0,3.0,29.100929497116162,0.0,0.0,8.05,1.0,0.0,1.0
0.0,1.0,71.0,0.0,0.0,34.6542,1.0,0.0,0.0
1.0,1.0,23.0,0.0,1.0,63.3583,1.0,0.0,0.0
1.0,2.0,34.0,0.0,1.0,23.0,0.0,0.0,1.0
0.0,2.0,34.0,1.0,0.0,26.0,1.0,0.0,1.0
0.0,3.0,28.0,0.0,0.0,7.8958,0.0,0.0,1.0
0.0,3.0,29.102728060062166,0.0,0.0,7.8958,1.0,0.0,1.0
0.0,1.0,21.0,0.0,1.0,77.2875,1.0,0.0,1.0
0.0,3.0,33.0,0.0,0.0,8.6542,1.0,0.0,1.0
0.0,3.0,37.0,2.0,0.0,7.925,1.0,0.0,1.0
0.0,3.0,28.0,0.0,0.0,7.8958,1.0,0.0,1.0
1.0,3.0,21.0,0.0,0.0,7.65,0.0,0.0,1.0
1.0,3.0,22.90629726583104,0.0,0.0,7.775,1.0,0.0,1.0
0.0,3.0,38.0,0.0,0.0,7.8958,1.0,0.0,1.0
1.0,3.0,20.33329651277357,1.0,0.0,24.15,0.0,1.0,0.0
0.0,1.0,47.0,0.0,0.0,52.0,1.0,0.0,1.0
0.0,3.0,14.5,1.0,0.0,14.4542,0.0,0.0,0.0
0.0,3.0,22.0,0.0,0.0,8.05,1.0,0.0,1.0
0.0,3.0,20.0,1.0,0.0,9.825,0.0,0.0,1.0
0.0,3.0,17.0,0.0,0.0,14.4583,0.0,0.0,0.0
0.0,3.0,21.0,0.0,0.0,7.925,1.0,0.0,1.0
0.0,3.0,70.5,0.0,0.0,7.75,1.0,1.0,0.0
0.0,2.0,29.0,1.0,0.0,21.0,1.0,0.0,1.0
0.0,1.0,24.0,0.0,1.0,247.5208,1.0,0.0,0.0
0.0,3.0,2.0,4.0,2.0,31.275,0.0,0.0,1.0
0.0,2.0,21.0,2.0,0.0,73.5,1.0,0.0,1.0
0.0,3.0,29.100929497116162,0.0,0.0,8.05,1.0,0.0,1.0
0.0,2.0,32.5,1.0,0.0,30.0708,1.0,0.0,0.0
1.0,2.0,32.5,0.0,0.0,13.0,0.0,0.0,1.0
0.0,1.0,54.0,0.0,1.0,77.2875,1.0,0.0,1.0
1.0,3.0,12.0,1.0,0.0,11.2417,1.0,0.0,0.0
0.0,3.0,30.738551268067752,0.0,0.0,7.75,1.0,1.0,0.0
1.0,3.0,24.0,0.0,0.0,7.1417,1.0,0.0,1.0
1.0,3.0,16.734422133517043,1.0,1.0,22.3583,0.0,0.0,0.0
0.0,3.0,45.0,0.0,0.0,6.975,1.0,0.0,1.0
0.0,3.0,33.0,0.0,0.0,7.8958,1.0,0.0,0.0
0.0,3.0,20.0,0.0,0.0,7.05,1.0,0.0,1.0
0.0,3.0,47.0,1.0,0.0,14.5,0.0,0.0,1.0
1.0,2.0,29.0,1.0,0.0,26.0,0.0,0.0,1.0
0.0,2.0,25.0,0.0,0.0,13.0,1.0,0.0,1.0
0.0,2.0,23.0,0.0,0.0,15.0458,1.0,0.0,0.0
1.0,1.0,19.0,0.0,2.0,26.2833,0.0,0.0,1.0
0.0,1.0,37.0,1.0,0.0,53.1,1.0,0.0,1.0
0.0,3.0,16.0,0.0,0.0,9.2167,1.0,0.0,1.0
0.0,1.0,24.0,0.0,0.0,79.2,1.0,0.0,0.0
0.0,3.0,26.1405544329431,0.0,2.0,15.2458,0.0,0.0,0.0
1.0,3.0,22.0,0.0,0.0,7.75,0.0,0.0,1.0
1.0,3.0,24.0,1.0,0.0,15.85,0.0,0.0,1.0
0.0,3.0,19.0,0.0,0.0,6.75,1.0,1.0,0.0
0.0,2.0,18.0,0.0,0.0,11.5,1.0,0.0,1.0
0.0,2.0,19.0,1.0,1.0,36.75,1.0,0.0,1.0
1.0,3.0,27.0,0.0,0.0,7.7958,1.0,0.0,1.0
0.0,3.0,9.0,2.0,2.0,34.375,0.0,0.0,1.0
0.0,2.0,36.5,0.0,2.0,26.0,1.0,0.0,1.0
0.0,2.0,42.0,0.0,0.0,13.0,1.0,0.0,1.0
0.0,2.0,51.0,0.0,0.0,12.525,1.0,0.0,1.0
1.0,1.0,22.0,1.0,0.0,66.6,0.0,0.0,1.0
0.0,3.0,55.5,0.0,0.0,8.05,1.0,0.0,1.0
0.0,3.0,40.5,0.0,2.0,14.5,1.0,0.0,1.0
0.0,3.0,29.109531573462974,0.0,0.0,7.3125,1.0,0.0,1.0
0.0,1.0,51.0,0.0,1.0,61.3792,1.0,0.0,0.0
1.0,3.0,16.0,0.0,0.0,7.7333,0.0,1.0,0.0
0.0,3.0,30.0,0.0,0.0,8.05,1.0,0.0,1.0
0.0,3.0,29.093785399811185,0.0,0.0,8.6625,1.0,0.0,1.0
0.0,3.0,-5.1941792226811,8.0,2.0,69.55,1.0,0.0,1.0
0.0,3.0,44.0,0.0,1.0,16.1,1.0,0.0,1.0
1.0,2.0,40.0,0.0,0.0,15.75,0.0,0.0,1.0
0.0,3.0,26.0,0.0,0.0,7.775,1.0,0.0,1.0
0.0,3.0,17.0,0.0,0.0,8.6625,1.0,0.0,1.0
0.0,3.0,1.0,4.0,1.0,39.6875,1.0,0.0,1.0
1.0,3.0,9.0,0.0,2.0,20.525,1.0,0.0,1.0
1.0,1.0,37.171303096445804,0.0,1.0,55.0,0.0,0.0,1.0
0.0,3.0,45.0,1.0,4.0,27.9,0.0,0.0,1.0
0.0,1.0,44.599063419813156,0.0,0.0,25.925,1.0,0.0,1.0
0.0,3.0,28.0,0.0,0.0,56.4958,1.0,0.0,1.0
0.0,1.0,61.0,0.0,0.0,33.5,1.0,0.0,1.0
0.0,3.0,4.0,4.0,1.0,29.125,1.0,1.0,0.0
1.0,3.0,1.0,1.0,1.0,11.1333,0.0,0.0,1.0
0.0,3.0,21.0,0.0,0.0,7.925,1.0,0.0,1.0
0.0,1.0,56.0,0.0,0.0,30.6958,1.0,0.0,0.0
0.0,3.0,18.0,1.0,1.0,7.8542,1.0,0.0,1.0
0.0,3.0,16.091737517360542,3.0,1.0,25.4667,1.0,0.0,1.0
0.0,1.0,50.0,0.0,0.0,28.7125,0.0,0.0,0.0
0.0,2.0,30.0,0.0,0.0,13.0,1.0,0.0,1.0
0.0,3.0,36.0,0.0,0.0,0.0,1.0,0.0,1.0
0.0,3.0,-5.227462338034414,8.0,2.0,69.55,0.0,0.0,1.0
0.0,2.0,35.744456784920374,0.0,0.0,15.05,1.0,0.0,0.0
0.0,3.0,9.0,4.0,2.0,31.3875,1.0,0.0,1.0
1.0,2.0,1.0,2.0,1.0,39.0,1.0,0.0,1.0
1.0,3.0,4.0,0.0,2.0,22.025,0.0,0.0,1.0
0.0,1.0,44.31825665635623,0.0,0.0,50.0,1.0,0.0,1.0
1.0,3.0,20.434188662468376,1.0,0.0,15.5,0.0,1.0,0.0
1.0,1.0,45.0,0.0,0.0,26.55,1.0,0.0,1.0
0.0,3.0,40.0,1.0,1.0,15.5,1.0,1.0,0.0
0.0,3.0,36.0,0.0,0.0,7.8958,1.0,0.0,1.0
1.0,2.0,32.0,0.0,0.0,13.0,0.0,0.0,1.0
0.0,2.0,19.0,0.0,0.0,13.0,1.0,0.0,1.0
1.0,3.0,19.0,1.0,0.0,7.8542,0.0,0.0,1.0
1.0,2.0,3.0,1.0,1.0,26.0,1.0,0.0,1.0
1.0,1.0,44.0,0.0,0.0,27.7208,0.0,0.0,0.0
1.0,1.0,58.0,0.0,0.0,146.5208,0.0,0.0,0.0
0.0,3.0,30.738551268067752,0.0,0.0,7.75,1.0,1.0,0.0
0.0,3.0,42.0,0.0,1.0,8.4042,1.0,0.0,1.0
1.0,3.0,24.50742836753728,0.0,0.0,7.75,0.0,1.0,0.0
0.0,2.0,24.0,0.0,0.0,13.0,0.0,0.0,1.0
0.0,3.0,28.0,0.0,0.0,9.5,1.0,0.0,1.0
0.0,3.0,-5.1941792226811,8.0,2.0,69.55,1.0,0.0,1.0
0.0,3.0,34.0,0.0,0.0,6.4958,1.0,0.0,1.0
0.0,3.0,45.5,0.0,0.0,7.225,1.0,0.0,0.0
1.0,3.0,18.0,0.0,0.0,8.05,1.0,0.0,1.0
0.0,3.0,2.0,0.0,1.0,10.4625,0.0,0.0,1.0
0.0,3.0,32.0,1.0,0.0,15.85,1.0,0.0,1.0
1.0,3.0,26.0,0.0,0.0,18.7875,1.0,0.0,0.0
1.0,3.0,16.0,0.0,0.0,7.75,0.0,1.0,0.0
1.0,1.0,40.0,0.0,0.0,31.0,1.0,0.0,0.0
0.0,3.0,24.0,0.0,0.0,7.05,1.0,0.0,1.0
1.0,2.0,35.0,0.0,0.0,21.0,0.0,0.0,1.0
0.0,3.0,22.0,0.0,0.0,7.25,1.0,0.0,1.0
0.0,2.0,30.0,0.0,0.0,13.0,1.0,0.0,1.0
0.0,3.0,26.755706263592455,1.0,0.0,7.75,1.0,1.0,0.0
1.0,1.0,31.0,1.0,0.0,113.275,0.0,0.0,0.0
1.0,3.0,27.0,0.0,0.0,7.925,0.0,0.0,1.0
0.0,2.0,42.0,1.0,0.0,27.0,1.0,0.0,1.0
1.0,1.0,32.0,0.0,0.0,76.2917,0.0,0.0,0.0
0.0,2.0,30.0,0.0,0.0,10.5,1.0,0.0,1.0
1.0,3.0,16.0,0.0,0.0,8.05,1.0,0.0,1.0
0.0,2.0,27.0,0.0,0.0,13.0,1.0,0.0,1.0
0.0,3.0,51.0,0.0,0.0,8.05,1.0,0.0,1.0
0.0,3.0,29.102728060062166,0.0,0.0,7.8958,1.0,0.0,1.0
1.0,1.0,38.0,1.0,0.0,90.0,1.0,0.0,1.0
0.0,3.0,22.0,0.0,0.0,9.35,1.0,0.0,1.0
1.0,2.0,19.0,0.0,0.0,10.5,1.0,0.0,1.0
0.0,3.0,20.5,0.0,0.0,7.25,1.0,0.0,1.0
0.0,2.0,18.0,0.0,0.0,13.0,1.0,0.0,1.0
0.0,3.0,16.05845440200723,3.0,1.0,25.4667,0.0,0.0,1.0
1.0,1.0,35.0,1.0,0.0,83.475,0.0,0.0,1.0
0.0,3.0,29.0,0.0,0.0,7.775,1.0,0.0,1.0
0.0,2.0,59.0,0.0,0.0,13.5,1.0,0.0,1.0
1.0,3.0,5.0,4.0,2.0,31.3875,0.0,0.0,1.0
0.0,2.0,24.0,0.0,0.0,10.5,1.0,0.0,1.0
0.0,3.0,29.07347829793018,0.0,0.0,7.55,0.0,0.0,1.0
0.0,2.0,44.0,1.0,0.0,26.0,1.0,0.0,1.0
1.0,2.0,8.0,0.0,2.0,26.25,0.0,0.0,1.0
0.0,2.0,19.0,0.0,0.0,10.5,1.0,0.0,1.0
0.0,2.0,33.0,0.0,0.0,12.275,1.0,0.0,1.0
0.0,3.0,23.881965513557233,1.0,0.0,14.4542,0.0,0.0,0.0
1.0,3.0,20.434188662468376,1.0,0.0,15.5,0.0,1.0,0.0
0.0,2.0,29.0,0.0,0.0,10.5,1.0,0.0,1.0
0.0,3.0,22.0,0.0,0.0,7.125,1.0,0.0,1.0
0.0,3.0,30.0,0.0,0.0,7.225,1.0,0.0,0.0
0.0,1.0,44.0,2.0,0.0,90.0,1.0,1.0,0.0
0.0,3.0,25.0,0.0,0.0,7.775,0.0,0.0,1.0
1.0,2.0,24.0,0.0,2.0,14.5,0.0,0.0,1.0
1.0,1.0,37.0,1.0,1.0,52.5542,1.0,0.0,1.0
0.0,2.0,54.0,1.0,0.0,26.0,1.0,0.0,1.0
0.0,3.0,29.11026056298389,0.0,0.0,7.25,1.0,0.0,1.0
0.0,3.0,29.0,1.0,1.0,10.4625,0.0,0.0,1.0
0.0,1.0,62.0,0.0,0.0,26.55,1.0,0.0,1.0
0.0,3.0,30.0,1.0,0.0,16.1,1.0,0.0,1.0
0.0,3.0,41.0,0.0,2.0,20.2125,0.0,0.0,1.0
1.0,3.0,29.0,0.0,2.0,15.2458,0.0,0.0,0.0
1.0,1.0,36.61841150296102,0.0,0.0,79.2,0.0,0.0,0.0
1.0,1.0,30.0,0.0,0.0,86.5,0.0,0.0,1.0
1.0,1.0,35.0,0.0,0.0,512.3292,0.0,0.0,0.0
1.0,2.0,50.0,0.0,1.0,26.0,0.0,0.0,1.0
0.0,3.0,30.738551268067752,0.0,0.0,7.75,1.0,1.0,0.0
1.0,3.0,3.0,4.0,2.0,31.3875,1.0,0.0,1.0
0.0,1.0,52.0,1.0,1.0,79.65,1.0,0.0,1.0
0.0,1.0,40.0,0.0,0.0,0.0,1.0,0.0,1.0
0.0,3.0,30.70526815271444,0.0,0.0,7.75,0.0,1.0,0.0
0.0,2.0,36.0,0.0,0.0,10.5,1.0,0.0,1.0
0.0,3.0,16.0,4.0,1.0,39.6875,1.0,0.0,1.0
1.0,3.0,25.0,1.0,0.0,7.775,1.0,0.0,1.0
1.0,1.0,58.0,0.0,1.0,153.4625,0.0,0.0,1.0
1.0,1.0,35.0,0.0,0.0,135.6333,0.0,0.0,1.0
0.0,1.0,44.539869470714756,0.0,0.0,31.0,1.0,0.0,1.0
1.0,3.0,25.0,0.0,0.0,0.0,1.0,0.0,1.0
1.0,2.0,41.0,0.0,1.0,19.5,0.0,0.0,1.0
0.0,1.0,37.0,0.0,1.0,29.7,1.0,0.0,0.0
1.0,3.0,24.50742836753728,0.0,0.0,7.75,0.0,1.0,0.0
1.0,1.0,63.0,1.0,0.0,77.9583,0.0,0.0,1.0
0.0,3.0,45.0,0.0,0.0,7.75,0.0,0.0,1.0
0.0,2.0,37.04813581024969,0.0,0.0,0.0,1.0,0.0,1.0
0.0,3.0,7.0,4.0,1.0,29.125,1.0,1.0,0.0
1.0,3.0,35.0,1.0,1.0,20.25,0.0,0.0,1.0
0.0,3.0,65.0,0.0,0.0,7.75,1.0,1.0,0.0
0.0,3.0,28.0,0.0,0.0,7.8542,1.0,0.0,1.0
0.0,3.0,16.0,0.0,0.0,9.5,1.0,0.0,1.0
1.0,3.0,19.0,0.0,0.0,8.05,1.0,0.0,1.0
0.0,1.0,44.59818863238806,0.0,0.0,26.0,1.0,0.0,1.0
0.0,3.0,33.0,0.0,0.0,8.6625,1.0,0.0,0.0
1.0,3.0,30.0,0.0,0.0,9.5,1.0,0.0,1.0
0.0,3.0,22.0,0.0,0.0,7.8958,1.0,0.0,1.0
1.0,2.0,42.0,0.0,0.0,13.0,1.0,0.0,1.0
1.0,3.0,22.0,0.0,0.0,7.75,0.0,1.0,0.0
1.0,1.0,26.0,0.0,0.0,78.85,0.0,0.0,1.0
1.0,1.0,19.0,1.0,0.0,91.0792,0.0,0.0,0.0
0.0,2.0,36.0,0.0,0.0,12.875,1.0,0.0,0.0
0.0,3.0,24.0,0.0,0.0,8.85,0.0,0.0,1.0
0.0,3.0,24.0,0.0,0.0,7.8958,1.0,0.0,1.0
0.0,1.0,43.449979161013886,0.0,0.0,27.7208,1.0,0.0,0.0
0.0,3.0,23.5,0.0,0.0,7.2292,1.0,0.0,0.0
0.0,1.0,2.0,1.0,2.0,151.55,0.0,0.0,1.0
1.0,1.0,38.347861601704935,0.0,0.0,30.5,1.0,0.0,1.0
1.0,1.0,50.0,0.0,1.0,247.5208,0.0,0.0,0.0
1.0,3.0,24.50742836753728,0.0,0.0,7.75,0.0,1.0,0.0
1.0,3.0,16.39423207275278,2.0,0.0,23.25,1.0,1.0,0.0
0.0,3.0,19.0,0.0,0.0,0.0,1.0,0.0,1.0
1.0,2.0,32.307087201637366,0.0,0.0,12.35,0.0,1.0,0.0
0.0,3.0,29.100929497116162,0.0,0.0,8.05,1.0,0.0,1.0
1.0,1.0,0.92,1.0,2.0,151.55,1.0,0.0,1.0
1.0,1.0,36.248862803952306,0.0,0.0,110.8833,0.0,0.0,0.0
1.0,1.0,17.0,1.0,0.0,108.9,0.0,0.0,0.0
0.0,2.0,30.0,1.0,0.0,24.0,1.0,0.0,0.0
1.0,1.0,30.0,0.0,0.0,56.9292,0.0,0.0,0.0
1.0,1.0,24.0,0.0,0.0,83.1583,0.0,0.0,0.0
1.0,1.0,18.0,2.0,2.0,262.375,0.0,0.0,0.0
0.0,2.0,26.0,1.0,1.0,26.0,0.0,0.0,1.0
0.0,3.0,28.0,0.0,0.0,7.8958,1.0,0.0,1.0
0.0,2.0,43.0,1.0,1.0,26.25,1.0,0.0,1.0
1.0,3.0,26.0,0.0,0.0,7.8542,0.0,0.0,1.0
1.0,2.0,24.0,1.0,0.0,26.0,0.0,0.0,1.0
0.0,2.0,54.0,0.0,0.0,14.0,1.0,0.0,1.0
1.0,1.0,31.0,0.0,2.0,164.8667,0.0,0.0,1.0
1.0,1.0,40.0,1.0,1.0,134.5,0.0,0.0,0.0
0.0,3.0,22.0,0.0,0.0,7.25,1.0,0.0,1.0
0.0,3.0,27.0,0.0,0.0,7.8958,1.0,0.0,1.0
1.0,2.0,30.0,0.0,0.0,12.35,0.0,1.0,0.0
1.0,2.0,22.0,1.0,1.0,29.0,0.0,0.0,1.0
0.0,3.0,-5.1941792226811,8.0,2.0,69.55,1.0,0.0,1.0
1.0,1.0,36.0,0.0,0.0,135.6333,0.0,0.0,0.0
0.0,3.0,61.0,0.0,0.0,6.2375,1.0,0.0,1.0
1.0,2.0,36.0,0.0,0.0,13.0,0.0,0.0,1.0
1.0,3.0,31.0,1.0,1.0,20.525,0.0,0.0,1.0
1.0,1.0,16.0,0.0,1.0,57.9792,0.0,0.0,0.0
1.0,3.0,16.360948957399465,2.0,0.0,23.25,0.0,1.0,0.0
0.0,1.0,45.5,0.0,0.0,28.5,1.0,0.0,1.0
0.0,1.0,38.0,0.0,1.0,153.4625,1.0,0.0,1.0
0.0,3.0,16.0,2.0,0.0,18.0,1.0,0.0,1.0
1.0,1.0,33.1286091765562,1.0,0.0,133.65,0.0,0.0,1.0
0.0,3.0,29.102728060062166,0.0,0.0,7.8958,1.0,0.0,1.0
0.0,1.0,29.0,1.0,0.0,66.6,1.0,0.0,1.0
1.0,1.0,41.0,0.0,0.0,134.5,0.0,0.0,0.0
1.0,3.0,45.0,0.0,0.0,8.05,1.0,0.0,1.0
0.0,1.0,45.0,0.0,0.0,35.5,1.0,0.0,1.0
1.0,2.0,2.0,1.0,1.0,26.0,1.0,0.0,1.0
1.0,1.0,24.0,3.0,2.0,263.0,0.0,0.0,1.0
0.0,2.0,28.0,0.0,0.0,13.0,1.0,0.0,1.0
0.0,2.0,25.0,0.0,0.0,13.0,1.0,0.0,1.0
0.0,2.0,36.0,0.0,0.0,13.0,1.0,0.0,1.0
1.0,2.0,24.0,0.0,0.0,13.0,0.0,0.0,1.0
1.0,2.0,40.0,0.0,0.0,13.0,0.0,0.0,1.0
1.0,3.0,18.793067741816387,1.0,0.0,16.1,0.0,0.0,1.0
1.0,3.0,3.0,1.0,1.0,15.9,1.0,0.0,1.0
0.0,3.0,42.0,0.0,0.0,8.6625,1.0,0.0,1.0
0.0,3.0,23.0,0.0,0.0,9.225,1.0,0.0,1.0
0.0,1.0,44.49321414137612,0.0,0.0,35.0,1.0,0.0,1.0
0.0,3.0,15.0,1.0,1.0,7.2292,1.0,0.0,0.0
0.0,3.0,25.0,1.0,0.0,17.8,1.0,0.0,1.0
0.0,3.0,27.982413810099565,0.0,0.0,7.225,1.0,0.0,0.0
0.0,3.0,28.0,0.0,0.0,9.5,1.0,0.0,1.0
1.0,1.0,22.0,0.0,1.0,55.0,0.0,0.0,1.0
0.0,2.0,38.0,0.0,0.0,13.0,0.0,0.0,1.0
1.0,3.0,24.505921400399643,0.0,0.0,7.8792,0.0,1.0,0.0
1.0,3.0,24.505921400399643,0.0,0.0,7.8792,0.0,1.0,0.0
0.0,3.0,40.0,1.0,4.0,27.9,1.0,0.0,1.0
0.0,2.0,29.0,1.0,0.0,27.7208,1.0,0.0,0.0
0.0,3.0,45.0,0.0,1.0,14.4542,0.0,0.0,0.0
0.0,3.0,35.0,0.0,0.0,7.05,1.0,0.0,1.0
0.0,3.0,26.665311562998845,1.0,0.0,15.5,1.0,1.0,0.0
0.0,3.0,30.0,0.0,0.0,7.25,1.0,0.0,1.0
1.0,1.0,60.0,1.0,0.0,75.25,0.0,0.0,0.0
1.0,3.0,21.75124192147329,0.0,0.0,7.2292,0.0,0.0,0.0
1.0,3.0,24.50742836753728,0.0,0.0,7.75,0.0,1.0,0.0
1.0,1.0,24.0,0.0,0.0,69.3,0.0,0.0,0.0
1.0,1.0,25.0,1.0,0.0,55.4417,1.0,0.0,0.0
0.0,3.0,18.0,1.0,0.0,6.4958,1.0,0.0,1.0
0.0,3.0,19.0,0.0,0.0,8.05,1.0,0.0,1.0
0.0,1.0,22.0,0.0,0.0,135.6333,1.0,0.0,0.0
0.0,3.0,3.0,3.0,1.0,21.075,0.0,0.0,1.0
1.0,1.0,32.60091558538591,1.0,0.0,82.1708,0.0,0.0,0.0
1.0,3.0,22.0,0.0,0.0,7.25,0.0,0.0,1.0
0.0,1.0,27.0,0.0,2.0,211.5,1.0,0.0,0.0
0.0,3.0,20.0,0.0,0.0,4.0125,1.0,0.0,0.0
0.0,3.0,19.0,0.0,0.0,7.775,1.0,0.0,1.0
1.0,1.0,42.0,0.0,0.0,227.525,0.0,0.0,0.0
1.0,3.0,1.0,0.0,2.0,15.7417,0.0,0.0,0.0
0.0,3.0,32.0,0.0,0.0,7.925,1.0,0.0,1.0
1.0,1.0,35.0,1.0,0.0,52.0,0.0,0.0,1.0
0.0,3.0,29.102728060062166,0.0,0.0,7.8958,1.0,0.0,1.0
0.0,2.0,18.0,0.0,0.0,73.5,1.0,0.0,1.0
0.0,3.0,1.0,5.0,2.0,46.9,1.0,0.0,1.0
1.0,2.0,36.0,0.0,0.0,13.0,0.0,0.0,1.0
0.0,3.0,30.738793875780317,0.0,0.0,7.7292,1.0,1.0,0.0
1.0,2.0,17.0,0.0,0.0,12.0,0.0,0.0,0.0
1.0,1.0,36.0,1.0,2.0,120.0,1.0,0.0,1.0
1.0,3.0,21.0,0.0,0.0,7.7958,1.0,0.0,1.0
0.0,3.0,28.0,2.0,0.0,7.925,1.0,0.0,1.0
1.0,1.0,23.0,1.0,0.0,113.275,0.0,0.0,0.0
1.0,3.0,24.0,0.0,2.0,16.7,0.0,0.0,1.0
0.0,3.0,22.0,0.0,0.0,7.7958,1.0,0.0,1.0
0.0,3.0,31.0,0.0,0.0,7.8542,0.0,0.0,1.0
0.0,2.0,46.0,0.0,0.0,26.0,1.0,0.0,1.0
0.0,2.0,23.0,0.0,0.0,10.5,1.0,0.0,1.0
1.0,2.0,28.0,0.0,0.0,12.65,0.0,0.0,1.0
1.0,3.0,39.0,0.0,0.0,7.925,1.0,0.0,1.0
0.0,3.0,26.0,0.0,0.0,8.05,1.0,0.0,1.0
0.0,3.0,21.0,1.0,0.0,9.825,0.0,0.0,1.0
0.0,3.0,28.0,1.0,0.0,15.85,1.0,0.0,1.0
0.0,3.0,20.0,0.0,0.0,8.6625,0.0,0.0,1.0
0.0,2.0,34.0,1.0,0.0,21.0,1.0,0.0,1.0
0.0,3.0,51.0,0.0,0.0,7.75,1.0,0.0,1.0
1.0,2.0,3.0,1.0,1.0,18.75,1.0,0.0,1.0
0.0,3.0,21.0,0.0,0.0,7.775,1.0,0.0,1.0
0.0,3.0,16.05845440200723,3.0,1.0,25.4667,0.0,0.0,1.0
0.0,3.0,29.102728060062166,0.0,0.0,7.8958,1.0,0.0,1.0
0.0,3.0,30.74895190736057,0.0,0.0,6.8583,1.0,1.0,0.0
1.0,1.0,33.0,1.0,0.0,90.0,0.0,1.0,0.0
0.0,2.0,37.04813581024969,0.0,0.0,0.0,1.0,0.0,1.0
1.0,3.0,44.0,0.0,0.0,7.925,1.0,0.0,1.0
0.0,3.0,29.06764638176285,0.0,0.0,8.05,0.0,0.0,1.0
1.0,2.0,34.0,1.0,1.0,32.5,0.0,0.0,1.0
1.0,2.0,18.0,0.0,2.0,13.0,0.0,0.0,1.0
0.0,2.0,30.0,0.0,0.0,13.0,1.0,0.0,1.0
0.0,3.0,10.0,0.0,2.0,24.15,0.0,0.0,1.0
0.0,3.0,27.974589711369475,0.0,0.0,7.8958,1.0,0.0,0.0
0.0,3.0,21.0,0.0,0.0,7.7333,1.0,1.0,0.0
0.0,3.0,29.0,0.0,0.0,7.875,1.0,0.0,1.0
0.0,3.0,28.0,1.0,1.0,14.4,0.0,0.0,1.0
0.0,3.0,18.0,1.0,1.0,20.2125,1.0,0.0,1.0
0.0,3.0,29.11026056298389,0.0,0.0,7.25,1.0,0.0,1.0
1.0,2.0,28.0,1.0,0.0,26.0,0.0,0.0,1.0
1.0,2.0,19.0,0.0,0.0,26.0,0.0,0.0,1.0
0.0,3.0,30.738551268067752,0.0,0.0,7.75,1.0,1.0,0.0
1.0,3.0,32.0,0.0,0.0,8.05,1.0,0.0,1.0
1.0,1.0,28.0,0.0,0.0,26.55,1.0,0.0,1.0
1.0,3.0,18.793067741816387,1.0,0.0,16.1,0.0,0.0,1.0
1.0,2.0,42.0,1.0,0.0,26.0,0.0,0.0,1.0
0.0,3.0,17.0,0.0,0.0,7.125,1.0,0.0,1.0
0.0,1.0,50.0,1.0,0.0,55.9,1.0,0.0,1.0
1.0,1.0,14.0,1.0,2.0,120.0,0.0,0.0,1.0
0.0,3.0,21.0,2.0,2.0,34.375,0.0,0.0,1.0
1.0,2.0,24.0,2.0,3.0,18.75,0.0,0.0,1.0
0.0,1.0,64.0,1.0,4.0,263.0,1.0,0.0,1.0
0.0,2.0,31.0,0.0,0.0,10.5,1.0,0.0,1.0
1.0,2.0,45.0,1.0,1.0,26.25,0.0,0.0,1.0
0.0,3.0,20.0,0.0,0.0,9.5,1.0,0.0,1.0
0.0,3.0,25.0,1.0,0.0,7.775,1.0,0.0,1.0
1.0,2.0,28.0,0.0,0.0,13.0,0.0,0.0,1.0
1.0,3.0,22.90236072241809,0.0,0.0,8.1125,1.0,0.0,1.0
1.0,1.0,4.0,0.0,2.0,81.8583,1.0,0.0,1.0
1.0,2.0,13.0,0.0,1.0,19.5,0.0,0.0,1.0
1.0,1.0,34.0,0.0,0.0,26.55,1.0,0.0,1.0
1.0,3.0,5.0,2.0,1.0,19.2583,0.0,0.0,0.0
1.0,1.0,52.0,0.0,0.0,30.5,1.0,0.0,1.0
0.0,2.0,36.0,1.0,2.0,27.75,1.0,0.0,1.0
0.0,3.0,24.979090101858425,1.0,0.0,19.9667,1.0,0.0,1.0
0.0,1.0,30.0,0.0,0.0,27.75,1.0,0.0,0.0
1.0,1.0,49.0,1.0,0.0,89.1042,1.0,0.0,0.0
0.0,3.0,29.100929497116162,0.0,0.0,8.05,1.0,0.0,1.0
1.0,3.0,29.0,0.0,0.0,7.8958,1.0,0.0,0.0
0.0,1.0,65.0,0.0,0.0,26.55,1.0,0.0,1.0
1.0,1.0,34.082564863627155,1.0,0.0,51.8625,0.0,0.0,1.0
1.0,2.0,50.0,0.0,0.0,10.5,0.0,0.0,1.0
0.0,3.0,30.738551268067752,0.0,0.0,7.75,1.0,1.0,0.0
1.0,1.0,48.0,0.0,0.0,26.55,1.0,0.0,1.0
0.0,3.0,34.0,0.0,0.0,8.05,1.0,0.0,1.0
0.0,1.0,47.0,0.0,0.0,38.5,1.0,0.0,1.0
0.0,2.0,48.0,0.0,0.0,13.0,1.0,0.0,1.0
0.0,3.0,29.100929497116162,0.0,0.0,8.05,1.0,0.0,1.0
0.0,3.0,38.0,0.0,0.0,7.05,1.0,0.0,1.0
0.0,2.0,37.04813581024969,0.0,0.0,0.0,1.0,0.0,1.0
0.0,1.0,56.0,0.0,0.0,26.55,1.0,0.0,1.0
0.0,3.0,30.738842863876123,0.0,0.0,7.725,1.0,1.0,0.0
1.0,3.0,0.75,2.0,1.0,19.2583,0.0,0.0,0.0
0.0,3.0,29.11026056298389,0.0,0.0,7.25,1.0,0.0,1.0
0.0,3.0,38.0,0.0,0.0,8.6625,1.0,0.0,1.0
1.0,2.0,33.0,1.0,2.0,27.75,0.0,0.0,1.0
1.0,2.0,23.0,0.0,0.0,13.7917,0.0,0.0,0.0
0.0,3.0,22.0,0.0,0.0,9.8375,0.0,0.0,1.0
0.0,1.0,44.29492899168691,0.0,0.0,52.0,1.0,0.0,1.0
0.0,2.0,34.0,1.0,0.0,21.0,1.0,0.0,1.0
0.0,3.0,29.0,1.0,0.0,7.0458,1.0,0.0,1.0
0.0,3.0,22.0,0.0,0.0,7.5208,1.0,0.0,1.0
1.0,3.0,2.0,0.0,1.0,12.2875,0.0,0.0,1.0
0.0,3.0,9.0,5.0,2.0,46.9,1.0,0.0,1.0
0.0,2.0,37.04813581024969,0.0,0.0,0.0,1.0,0.0,1.0
0.0,3.0,50.0,0.0,0.0,8.05,1.0,0.0,1.0
1.0,3.0,63.0,0.0,0.0,9.5875,0.0,0.0,1.0
1.0,1.0,25.0,1.0,0.0,91.0792,1.0,0.0,0.0
0.0,3.0,16.05845440200723,3.0,1.0,25.4667,0.0,0.0,1.0
1.0,1.0,35.0,1.0,0.0,90.0,0.0,0.0,1.0
0.0,1.0,58.0,0.0,0.0,29.7,1.0,0.0,0.0
0.0,3.0,30.0,0.0,0.0,8.05,1.0,0.0,1.0
1.0,3.0,9.0,1.0,1.0,15.9,1.0,0.0,1.0
0.0,3.0,24.979090101858425,1.0,0.0,19.9667,1.0,0.0,1.0
0.0,3.0,21.0,0.0,0.0,7.25,1.0,0.0,1.0
0.0,1.0,55.0,0.0,0.0,30.5,1.0,0.0,1.0
0.0,1.0,71.0,0.0,0.0,49.5042,1.0,0.0,0.0
0.0,3.0,21.0,0.0,0.0,8.05,1.0,0.0,1.0
0.0,3.0,27.898045811673274,0.0,0.0,14.4583,1.0,0.0,0.0
1.0,1.0,54.0,1.0,0.0,78.2667,0.0,0.0,0.0
0.0,3.0,29.018699479156815,0.0,0.0,15.1,1.0,0.0,1.0
0.0,1.0,25.0,1.0,2.0,151.55,0.0,0.0,1.0
0.0,3.0,24.0,0.0,0.0,7.7958,1.0,0.0,1.0
0.0,3.0,17.0,0.0,0.0,8.6625,1.0,0.0,1.0
0.0,3.0,21.0,0.0,0.0,7.75,0.0,1.0,0.0
0.0,3.0,30.706677143660464,0.0,0.0,7.6292,0.0,1.0,0.0
0.0,3.0,37.0,0.0,0.0,9.5875,0.0,0.0,1.0
1.0,1.0,16.0,0.0,0.0,86.5,0.0,0.0,1.0
0.0,1.0,18.0,1.0,0.0,108.9,1.0,0.0,0.0
1.0,2.0,33.0,0.0,2.0,26.0,0.0,0.0,1.0
1.0,1.0,38.39393373942684,0.0,0.0,26.55,1.0,0.0,1.0
0.0,3.0,28.0,0.0,0.0,22.525,1.0,0.0,1.0
1.0,3.0,26.0,0.0,0.0,56.4958,1.0,0.0,1.0
1.0,3.0,29.0,0.0,0.0,7.75,1.0,1.0,0.0
0.0,3.0,29.100929497116162,0.0,0.0,8.05,1.0,0.0,1.0
1.0,1.0,36.0,0.0,0.0,26.2875,1.0,0.0,1.0
1.0,1.0,54.0,1.0,0.0,59.4,0.0,0.0,0.0
0.0,3.0,24.0,0.0,0.0,7.4958,1.0,0.0,1.0
0.0,1.0,47.0,0.0,0.0,34.0208,1.0,0.0,1.0
1.0,2.0,34.0,0.0,0.0,10.5,0.0,0.0,1.0
0.0,3.0,30.54726441777934,0.0,0.0,24.15,1.0,1.0,0.0
1.0,2.0,36.0,1.0,0.0,26.0,0.0,0.0,1.0
0.0,3.0,32.0,0.0,0.0,7.8958,1.0,0.0,1.0
1.0,1.0,30.0,0.0,0.0,93.5,0.0,0.0,1.0
0.0,3.0,22.0,0.0,0.0,7.8958,1.0,0.0,1.0
0.0,3.0,27.982413810099565,0.0,0.0,7.225,1.0,0.0,0.0
1.0,1.0,44.0,0.0,1.0,57.9792,0.0,0.0,0.0
0.0,3.0,27.98236482200376,0.0,0.0,7.2292,1.0,0.0,0.0
0.0,3.0,40.5,0.0,0.0,7.75,1.0,1.0,0.0
1.0,2.0,50.0,0.0,0.0,10.5,0.0,0.0,1.0
0.0,1.0,42.314652868974306,0.0,0.0,221.7792,1.0,0.0,1.0
0.0,3.0,39.0,0.0,0.0,7.925,1.0,0.0,1.0
0.0,2.0,23.0,2.0,1.0,11.5,1.0,0.0,1.0
1.0,2.0,2.0,1.0,1.0,26.0,0.0,0.0,1.0
0.0,3.0,27.98236482200376,0.0,0.0,7.2292,1.0,0.0,0.0
0.0,3.0,17.0,1.0,1.0,7.2292,1.0,0.0,0.0
1.0,3.0,19.859755640285684,0.0,2.0,22.3583,0.0,0.0,0.0
0.0,3.0,30.0,0.0,0.0,8.6625,0.0,0.0,1.0
1.0,2.0,7.0,0.0,2.0,26.25,0.0,0.0,1.0
0.0,1.0,45.0,0.0,0.0,26.55,1.0,0.0,1.0
1.0,1.0,30.0,0.0,0.0,106.425,0.0,0.0,0.0
0.0,3.0,29.02569777855761,0.0,0.0,14.5,1.0,0.0,1.0
1.0,1.0,22.0,0.0,2.0,49.5,0.0,0.0,0.0
1.0,1.0,36.0,0.0,2.0,71.0,0.0,0.0,1.0
0.0,3.0,9.0,4.0,2.0,31.275,0.0,0.0,1.0
0.0,3.0,11.0,4.0,2.0,31.275,0.0,0.0,1.0
1.0,2.0,32.0,1.0,0.0,26.0,1.0,0.0,1.0
0.0,1.0,50.0,1.0,0.0,106.425,1.0,0.0,0.0
0.0,1.0,64.0,0.0,0.0,26.0,1.0,0.0,1.0
1.0,2.0,19.0,1.0,0.0,26.0,0.0,0.0,1.0
1.0,2.0,29.560467800640623,0.0,0.0,13.8625,1.0,0.0,0.0
0.0,3.0,33.0,1.0,1.0,20.525,1.0,0.0,1.0
1.0,2.0,8.0,1.0,1.0,36.75,1.0,0.0,1.0
1.0,1.0,17.0,0.0,2.0,110.8833,1.0,0.0,0.0
0.0,2.0,27.0,0.0,0.0,26.0,1.0,0.0,1.0
0.0,3.0,30.73762749254685,0.0,0.0,7.8292,1.0,1.0,0.0
1.0,3.0,22.0,0.0,0.0,7.225,1.0,0.0,0.0
1.0,3.0,22.0,0.0,0.0,7.775,0.0,0.0,1.0
0.0,1.0,62.0,0.0,0.0,26.55,1.0,0.0,1.0
1.0,1.0,48.0,1.0,0.0,39.6,0.0,0.0,0.0
0.0,1.0,41.119496472453136,0.0,0.0,227.525,1.0,0.0,0.0
1.0,1.0,39.0,1.0,1.0,79.65,0.0,0.0,1.0
1.0,3.0,36.0,1.0,0.0,17.4,0.0,0.0,1.0
0.0,3.0,30.738551268067752,0.0,0.0,7.75,1.0,1.0,0.0
0.0,3.0,40.0,0.0,0.0,7.8958,1.0,0.0,1.0
0.0,2.0,28.0,0.0,0.0,13.5,1.0,0.0,1.0
0.0,3.0,29.100929497116162,0.0,0.0,8.05,1.0,0.0,1.0
0.0,3.0,29.06764638176285,0.0,0.0,8.05,0.0,0.0,1.0
0.0,3.0,24.0,2.0,0.0,24.15,1.0,0.0,1.0
0.0,3.0,19.0,0.0,0.0,7.8958,1.0,0.0,1.0
0.0,3.0,29.0,0.0,4.0,21.075,0.0,0.0,1.0
0.0,3.0,27.98236482200376,0.0,0.0,7.2292,1.0,0.0,0.0
1.0,3.0,32.0,0.0,0.0,7.8542,1.0,0.0,1.0
1.0,2.0,62.0,0.0,0.0,10.5,1.0,0.0,1.0
1.0,1.0,53.0,2.0,0.0,51.4792,0.0,0.0,1.0
1.0,1.0,36.0,0.0,0.0,26.3875,1.0,0.0,1.0
1.0,3.0,24.50742836753728,0.0,0.0,7.75,0.0,1.0,0.0
0.0,3.0,16.0,0.0,0.0,8.05,1.0,0.0,1.0
0.0,3.0,19.0,0.0,0.0,14.5,1.0,0.0,1.0
1.0,2.0,34.0,0.0,0.0,13.0,0.0,0.0,1.0
1.0,1.0,39.0,1.0,0.0,55.9,0.0,0.0,1.0
0.0,3.0,23.881917691844663,1.0,0.0,14.4583,0.0,0.0,0.0
1.0,3.0,32.0,0.0,0.0,7.925,1.0,0.0,1.0
1.0,2.0,25.0,1.0,1.0,30.0,0.0,0.0,1.0
1.0,1.0,39.0,1.0,1.0,110.8833,0.0,0.0,0.0
0.0,2.0,54.0,0.0,0.0,26.0,1.0,0.0,1.0
0.0,1.0,36.0,0.0,0.0,40.125,1.0,0.0,0.0
0.0,3.0,27.96506385950176,0.0,0.0,8.7125,1.0,0.0,0.0
1.0,1.0,18.0,0.0,2.0,79.65,0.0,0.0,1.0
0.0,2.0,47.0,0.0,0.0,15.0,1.0,0.0,1.0
1.0,1.0,60.0,1.0,1.0,79.2,1.0,0.0,0.0
0.0,3.0,22.0,0.0,0.0,8.05,1.0,0.0,1.0
0.0,3.0,29.100929497116162,0.0,0.0,8.05,1.0,0.0,1.0
0.0,3.0,35.0,0.0,0.0,7.125,1.0,0.0,1.0
1.0,1.0,52.0,1.0,0.0,78.2667,0.0,0.0,0.0
0.0,3.0,47.0,0.0,0.0,7.25,1.0,0.0,1.0
0.0,3.0,28.990245157301125,0.0,2.0,7.75,0.0,1.0,0.0
0.0,2.0,37.0,1.0,0.0,26.0,1.0,0.0,1.0
0.0,3.0,36.0,1.0,1.0,24.15,1.0,0.0,1.0
1.0,2.0,30.432106442675458,0.0,0.0,33.0,0.0,0.0,1.0
0.0,3.0,49.0,0.0,0.0,0.0,1.0,0.0,1.0
0.0,3.0,27.982413810099565,0.0,0.0,7.225,1.0,0.0,0.0
1.0,1.0,49.0,1.0,0.0,56.9292,1.0,0.0,0.0
1.0,2.0,24.0,2.0,1.0,27.0,0.0,0.0,1.0
0.0,3.0,29.102728060062166,0.0,0.0,7.8958,1.0,0.0,1.0
0.0,1.0,44.406901782099645,0.0,0.0,42.4,1.0,0.0,1.0
0.0,3.0,44.0,0.0,0.0,8.05,1.0,0.0,1.0
1.0,1.0,35.0,0.0,0.0,26.55,1.0,0.0,0.0
0.0,3.0,36.0,1.0,0.0,15.55,1.0,0.0,1.0
0.0,3.0,30.0,0.0,0.0,7.8958,1.0,0.0,1.0
1.0,1.0,27.0,0.0,0.0,30.5,1.0,0.0,1.0
1.0,2.0,22.0,1.0,2.0,41.5792,0.0,0.0,0.0
1.0,1.0,40.0,0.0,0.0,153.4625,0.0,0.0,1.0
0.0,3.0,39.0,1.0,5.0,31.275,0.0,0.0,1.0
0.0,3.0,29.11259332945082,0.0,0.0,7.05,1.0,0.0,1.0
1.0,3.0,20.434188662468376,1.0,0.0,15.5,0.0,1.0,0.0
0.0,3.0,30.738551268067752,0.0,0.0,7.75,1.0,1.0,0.0
0.0,3.0,35.0,0.0,0.0,8.05,1.0,0.0,1.0
1.0,2.0,24.0,1.0,2.0,65.0,0.0,0.0,1.0
0.0,3.0,34.0,1.0,1.0,14.4,1.0,0.0,1.0
0.0,3.0,26.0,1.0,0.0,16.1,0.0,0.0,1.0
1.0,2.0,4.0,2.0,1.0,39.0,0.0,0.0,1.0
0.0,2.0,26.0,0.0,0.0,10.5,1.0,0.0,1.0
0.0,3.0,27.0,1.0,0.0,14.4542,1.0,0.0,0.0
1.0,1.0,42.0,1.0,0.0,52.5542,1.0,0.0,1.0
1.0,3.0,20.0,1.0,1.0,15.7417,1.0,0.0,0.0
0.0,3.0,21.0,0.0,0.0,7.8542,1.0,0.0,1.0
0.0,3.0,21.0,0.0,0.0,16.1,1.0,0.0,1.0
0.0,1.0,61.0,0.0,0.0,32.3208,1.0,0.0,1.0
0.0,2.0,57.0,0.0,0.0,12.35,1.0,1.0,0.0
1.0,1.0,21.0,0.0,0.0,77.9583,0.0,0.0,1.0
0.0,3.0,26.0,0.0,0.0,7.8958,1.0,0.0,1.0
0.0,3.0,30.73874605406774,0.0,0.0,7.7333,1.0,1.0,0.0
1.0,1.0,80.0,0.0,0.0,30.0,1.0,0.0,1.0
0.0,3.0,51.0,0.0,0.0,7.0542,1.0,0.0,1.0
1.0,1.0,32.0,0.0,0.0,30.5,1.0,0.0,0.0
0.0,1.0,44.9014482730892,0.0,0.0,0.0,1.0,0.0,1.0
0.0,3.0,9.0,3.0,2.0,27.9,0.0,0.0,1.0
1.0,2.0,28.0,0.0,0.0,13.0,0.0,0.0,1.0
0.0,3.0,32.0,0.0,0.0,7.925,1.0,0.0,1.0
0.0,2.0,31.0,1.0,1.0,26.25,1.0,0.0,1.0
0.0,3.0,41.0,0.0,5.0,39.6875,0.0,0.0,1.0
0.0,3.0,25.024190642346852,1.0,0.0,16.1,1.0,0.0,1.0
0.0,3.0,20.0,0.0,0.0,7.8542,1.0,0.0,1.0
1.0,1.0,24.0,0.0,0.0,69.3,0.0,0.0,0.0
0.0,3.0,2.0,3.0,2.0,27.9,0.0,0.0,1.0
1.0,3.0,22.338026023420564,0.0,0.0,56.4958,1.0,0.0,1.0
1.0,3.0,0.75,2.0,1.0,19.2583,0.0,0.0,0.0
1.0,1.0,48.0,1.0,0.0,76.7292,1.0,0.0,0.0
0.0,3.0,19.0,0.0,0.0,7.8958,1.0,0.0,1.0
1.0,1.0,56.0,0.0,0.0,35.5,1.0,0.0,0.0
0.0,3.0,29.106761413283493,0.0,0.0,7.55,1.0,0.0,1.0
1.0,3.0,23.0,0.0,0.0,7.55,0.0,0.0,1.0
0.0,3.0,29.102728060062166,0.0,0.0,7.8958,1.0,0.0,1.0
1.0,2.0,18.0,0.0,1.0,23.0,0.0,0.0,1.0
0.0,3.0,21.0,0.0,0.0,8.4333,1.0,0.0,1.0
1.0,3.0,24.506504592016377,0.0,0.0,7.8292,0.0,1.0,0.0
0.0,3.0,18.0,0.0,0.0,6.75,0.0,1.0,0.0
0.0,2.0,24.0,2.0,0.0,73.5,1.0,0.0,1.0
0.0,3.0,29.102728060062166,0.0,0.0,7.8958,1.0,0.0,1.0
0.0,3.0,32.0,1.0,1.0,15.5,0.0,1.0,0.0
0.0,2.0,23.0,0.0,0.0,13.0,1.0,0.0,1.0
0.0,1.0,58.0,0.0,2.0,113.275,1.0,0.0,0.0
1.0,1.0,50.0,2.0,0.0,133.65,1.0,0.0,1.0
0.0,3.0,40.0,0.0,0.0,7.225,1.0,0.0,0.0
0.0,1.0,47.0,0.0,0.0,25.5875,1.0,0.0,1.0
0.0,3.0,36.0,0.0,0.0,7.4958,1.0,0.0,1.0
1.0,3.0,20.0,1.0,0.0,7.925,1.0,0.0,1.0
0.0,2.0,32.0,2.0,0.0,73.5,1.0,0.0,1.0
0.0,2.0,25.0,0.0,0.0,13.0,1.0,0.0,1.0
0.0,3.0,29.104137051008195,0.0,0.0,7.775,1.0,0.0,1.0
0.0,3.0,43.0,0.0,0.0,8.05,1.0,0.0,1.0
1.0,1.0,34.08096108668114,1.0,0.0,52.0,0.0,0.0,1.0
1.0,2.0,40.0,1.0,1.0,39.0,0.0,0.0,1.0
0.0,1.0,31.0,1.0,0.0,52.0,1.0,0.0,1.0
0.0,2.0,70.0,0.0,0.0,10.5,1.0,0.0,1.0
1.0,2.0,31.0,0.0,0.0,13.0,1.0,0.0,1.0
0.0,2.0,37.04813581024969,0.0,0.0,0.0,1.0,0.0,1.0
0.0,3.0,18.0,0.0,0.0,7.775,1.0,0.0,1.0
0.0,3.0,24.5,0.0,0.0,8.05,1.0,0.0,1.0
1.0,3.0,18.0,0.0,0.0,9.8417,0.0,0.0,1.0
0.0,3.0,43.0,1.0,6.0,46.9,0.0,0.0,1.0
1.0,1.0,36.0,0.0,1.0,512.3292,1.0,0.0,0.0
0.0,3.0,30.700748417684757,0.0,0.0,8.1375,0.0,1.0,0.0
1.0,1.0,27.0,0.0,0.0,76.7292,1.0,0.0,0.0
0.0,3.0,20.0,0.0,0.0,9.225,1.0,0.0,1.0
0.0,3.0,14.0,5.0,2.0,46.9,1.0,0.0,1.0
0.0,2.0,60.0,1.0,1.0,39.0,1.0,0.0,1.0
0.0,2.0,25.0,1.0,2.0,41.5792,1.0,0.0,0.0
0.0,3.0,14.0,4.0,1.0,39.6875,1.0,0.0,1.0
0.0,3.0,19.0,0.0,0.0,10.1708,1.0,0.0,1.0
0.0,3.0,18.0,0.0,0.0,7.7958,1.0,0.0,1.0
1.0,1.0,15.0,0.0,1.0,211.3375,0.0,0.0,1.0
1.0,1.0,31.0,1.0,0.0,57.0,1.0,0.0,1.0
1.0,3.0,4.0,0.0,1.0,13.4167,0.0,0.0,0.0
1.0,3.0,22.338026023420564,0.0,0.0,56.4958,1.0,0.0,1.0
0.0,3.0,25.0,0.0,0.0,7.225,1.0,0.0,0.0
0.0,1.0,60.0,0.0,0.0,26.55,1.0,0.0,1.0
0.0,2.0,52.0,0.0,0.0,13.5,1.0,0.0,1.0
0.0,3.0,44.0,0.0,0.0,8.05,1.0,0.0,1.0
1.0,3.0,24.507623153537274,0.0,0.0,7.7333,0.0,1.0,0.0
0.0,1.0,49.0,1.0,1.0,110.8833,1.0,0.0,0.0
0.0,3.0,42.0,0.0,0.0,7.65,1.0,0.0,1.0
1.0,1.0,18.0,1.0,0.0,227.525,0.0,0.0,0.0
1.0,1.0,35.0,0.0,0.0,26.2875,1.0,0.0,1.0
0.0,3.0,18.0,0.0,1.0,14.4542,0.0,0.0,0.0
0.0,3.0,25.0,0.0,0.0,7.7417,1.0,1.0,0.0
0.0,3.0,26.0,1.0,0.0,7.8542,1.0,0.0,1.0
0.0,2.0,39.0,0.0,0.0,26.0,1.0,0.0,1.0
1.0,2.0,45.0,0.0,0.0,13.5,0.0,0.0,1.0
1.0,1.0,42.0,0.0,0.0,26.2875,1.0,0.0,1.0
1.0,1.0,22.0,0.0,0.0,151.55,0.0,0.0,1.0
1.0,3.0,16.85066425635062,1.0,1.0,15.2458,1.0,0.0,0.0
1.0,1.0,24.0,0.0,0.0,49.5042,0.0,0.0,0.0
0.0,1.0,44.591773524603994,0.0,0.0,26.55,1.0,0.0,1.0
1.0,1.0,48.0,1.0,0.0,52.0,1.0,0.0,1.0
0.0,3.0,29.0,0.0,0.0,9.4833,1.0,0.0,1.0
0.0,2.0,52.0,0.0,0.0,13.0,1.0,0.0,1.0
0.0,3.0,19.0,0.0,0.0,7.65,1.0,0.0,1.0
1.0,1.0,38.0,0.0,0.0,227.525,0.0,0.0,0.0
1.0,2.0,27.0,0.0,0.0,10.5,0.0,0.0,1.0
0.0,3.0,30.648156567474146,0.0,0.0,15.5,1.0,1.0,0.0
0.0,3.0,33.0,0.0,0.0,7.775,1.0,0.0,1.0
1.0,2.0,6.0,0.0,1.0,33.0,0.0,0.0,1.0
0.0,3.0,17.0,1.0,0.0,7.0542,1.0,0.0,1.0
0.0,2.0,34.0,0.0,0.0,13.0,1.0,0.0,1.0
0.0,2.0,50.0,0.0,0.0,13.0,1.0,0.0,1.0
1.0,1.0,27.0,1.0,0.0,53.1,1.0,0.0,1.0
0.0,3.0,20.0,0.0,0.0,8.6625,1.0,0.0,1.0
1.0,2.0,30.0,3.0,0.0,21.0,0.0,0.0,1.0
1.0,3.0,24.50757416544147,0.0,0.0,7.7375,0.0,1.0,0.0
0.0,2.0,25.0,1.0,0.0,26.0,1.0,0.0,1.0
0.0,3.0,25.0,1.0,0.0,7.925,0.0,0.0,1.0
1.0,1.0,29.0,0.0,0.0,211.3375,0.0,0.0,1.0
0.0,3.0,11.0,0.0,0.0,18.7875,1.0,0.0,0.0
0.0,2.0,37.04813581024969,0.0,0.0,0.0,1.0,0.0,1.0
0.0,2.0,23.0,0.0,0.0,13.0,1.0,0.0,1.0
0.0,2.0,23.0,0.0,0.0,13.0,1.0,0.0,1.0
0.0,3.0,28.5,0.0,0.0,16.1,1.0,0.0,1.0
0.0,3.0,48.0,1.0,3.0,34.375,0.0,0.0,1.0
1.0,1.0,35.0,0.0,0.0,512.3292,1.0,0.0,0.0
0.0,3.0,29.102728060062166,0.0,0.0,7.8958,1.0,0.0,1.0
0.0,3.0,29.102728060062166,0.0,0.0,7.8958,1.0,0.0,1.0
1.0,1.0,38.35369351787226,0.0,0.0,30.0,1.0,0.0,1.0
0.0,1.0,36.0,1.0,0.0,78.85,1.0,0.0,1.0
1.0,1.0,21.0,2.0,2.0,262.375,0.0,0.0,0.0
0.0,3.0,24.0,1.0,0.0,16.1,1.0,0.0,1.0
1.0,3.0,31.0,0.0,0.0,7.925,1.0,0.0,1.0
0.0,1.0,70.0,1.0,1.0,71.0,1.0,0.0,1.0
0.0,3.0,16.0,1.0,1.0,20.25,1.0,0.0,1.0
1.0,2.0,30.0,0.0,0.0,13.0,0.0,0.0,1.0
0.0,1.0,19.0,1.0,0.0,53.1,1.0,0.0,1.0
0.0,3.0,31.0,0.0,0.0,7.75,1.0,1.0,0.0
1.0,2.0,4.0,1.0,1.0,23.0,0.0,0.0,1.0
1.0,3.0,6.0,0.0,1.0,12.475,1.0,0.0,1.0
0.0,3.0,33.0,0.0,0.0,9.5,1.0,0.0,1.0
0.0,3.0,23.0,0.0,0.0,7.8958,1.0,0.0,1.0
1.0,2.0,48.0,1.0,2.0,65.0,0.0,0.0,1.0
1.0,2.0,0.67,1.0,1.0,14.5,1.0,0.0,1.0
0.0,3.0,28.0,0.0,0.0,7.7958,1.0,0.0,1.0
0.0,2.0,18.0,0.0,0.0,11.5,1.0,0.0,1.0
0.0,3.0,34.0,0.0,0.0,8.05,1.0,0.0,1.0
1.0,1.0,33.0,0.0,0.0,86.5,0.0,0.0,1.0
0.0,3.0,29.02569777855761,0.0,0.0,14.5,1.0,0.0,1.0
0.0,3.0,41.0,0.0,0.0,7.125,1.0,0.0,1.0
1.0,3.0,20.0,0.0,0.0,7.2292,1.0,0.0,0.0
1.0,1.0,36.0,1.0,2.0,120.0,0.0,0.0,1.0
0.0,3.0,16.0,0.0,0.0,7.775,1.0,0.0,1.0
1.0,1.0,51.0,1.0,0.0,77.9583,0.0,0.0,1.0
0.0,1.0,43.311422163944,0.0,0.0,39.6,1.0,0.0,0.0
0.0,3.0,30.5,0.0,0.0,7.75,0.0,1.0,0.0
0.0,3.0,26.56441941330404,1.0,0.0,24.15,1.0,1.0,0.0
0.0,3.0,32.0,0.0,0.0,8.3625,1.0,0.0,1.0
0.0,3.0,24.0,0.0,0.0,9.5,1.0,0.0,1.0
0.0,3.0,48.0,0.0,0.0,7.8542,1.0,0.0,1.0
0.0,2.0,57.0,0.0,0.0,10.5,0.0,0.0,1.0
0.0,3.0,27.982413810099565,0.0,0.0,7.225,1.0,0.0,0.0
1.0,2.0,54.0,1.0,3.0,23.0,0.0,0.0,1.0
0.0,3.0,18.0,0.0,0.0,7.75,1.0,0.0,1.0
0.0,3.0,30.738551268067752,0.0,0.0,7.75,1.0,1.0,0.0
1.0,3.0,5.0,0.0,0.0,12.475,0.0,0.0,1.0
0.0,3.0,30.738697065971934,0.0,0.0,7.7375,1.0,1.0,0.0
1.0,1.0,43.0,0.0,1.0,211.3375,0.0,0.0,1.0
1.0,3.0,13.0,0.0,0.0,7.2292,0.0,0.0,0.0
1.0,1.0,17.0,1.0,0.0,57.0,0.0,0.0,1.0
0.0,1.0,29.0,0.0,0.0,30.0,1.0,0.0,1.0
0.0,3.0,23.223438479273792,1.0,2.0,23.45,1.0,0.0,1.0
0.0,3.0,25.0,0.0,0.0,7.05,1.0,0.0,1.0
0.0,3.0,25.0,0.0,0.0,7.25,1.0,0.0,1.0
1.0,3.0,18.0,0.0,0.0,7.4958,0.0,0.0,1.0
0.0,3.0,8.0,4.0,1.0,29.125,1.0,1.0,0.0
1.0,3.0,1.0,1.0,2.0,20.575,1.0,0.0,1.0
0.0,1.0,46.0,0.0,0.0,79.2,1.0,0.0,0.0
0.0,3.0,30.738551268067752,0.0,0.0,7.75,1.0,1.0,0.0
0.0,2.0,16.0,0.0,0.0,26.0,1.0,0.0,1.0
0.0,3.0,-5.227462338034414,8.0,2.0,69.55,0.0,0.0,1.0
0.0,1.0,43.41527925981828,0.0,0.0,30.6958,1.0,0.0,0.0
0.0,3.0,25.0,0.0,0.0,7.8958,1.0,0.0,1.0
0.0,2.0,39.0,0.0,0.0,13.0,1.0,0.0,1.0
1.0,1.0,49.0,0.0,0.0,25.9292,0.0,0.0,1.0
1.0,3.0,31.0,0.0,0.0,8.6833,0.0,0.0,1.0
0.0,3.0,30.0,0.0,0.0,7.2292,1.0,0.0,0.0
0.0,3.0,30.0,1.0,1.0,24.15,0.0,0.0,1.0
0.0,2.0,34.0,0.0,0.0,13.0,1.0,0.0,1.0
1.0,2.0,31.0,1.0,1.0,26.25,0.0,0.0,1.0
1.0,1.0,11.0,1.0,2.0,120.0,1.0,0.0,1.0
1.0,3.0,0.42,0.0,1.0,8.5167,1.0,0.0,0.0
1.0,3.0,27.0,0.0,0.0,6.975,1.0,0.0,1.0
0.0,3.0,31.0,0.0,0.0,7.775,1.0,0.0,1.0
0.0,1.0,39.0,0.0,0.0,0.0,1.0,0.0,1.0
0.0,3.0,18.0,0.0,0.0,7.775,0.0,0.0,1.0
0.0,2.0,39.0,0.0,0.0,13.0,1.0,0.0,1.0
1.0,1.0,33.0,1.0,0.0,53.1,0.0,0.0,1.0
0.0,3.0,26.0,0.0,0.0,7.8875,1.0,0.0,1.0
0.0,3.0,39.0,0.0,0.0,24.15,1.0,0.0,1.0
0.0,2.0,35.0,0.0,0.0,10.5,1.0,0.0,1.0
0.0,3.0,6.0,4.0,2.0,31.275,0.0,0.0,1.0
0.0,3.0,30.5,0.0,0.0,8.05,1.0,0.0,1.0
0.0,1.0,44.9014482730892,0.0,0.0,0.0,1.0,0.0,1.0
0.0,3.0,23.0,0.0,0.0,7.925,0.0,0.0,1.0
0.0,2.0,31.0,1.0,1.0,37.0042,1.0,0.0,0.0
0.0,3.0,43.0,0.0,0.0,6.45,1.0,0.0,1.0
0.0,3.0,10.0,3.0,2.0,27.9,1.0,0.0,1.0
1.0,1.0,52.0,1.0,1.0,93.5,0.0,0.0,1.0
1.0,3.0,27.0,0.0,0.0,8.6625,1.0,0.0,1.0
0.0,1.0,38.0,0.0,0.0,0.0,1.0,0.0,1.0
1.0,3.0,27.0,0.0,1.0,12.475,0.0,0.0,1.0
0.0,3.0,2.0,4.0,1.0,39.6875,1.0,0.0,1.0
0.0,3.0,30.74788233393548,0.0,0.0,6.95,1.0,1.0,0.0
0.0,3.0,28.53586580859772,0.0,0.0,56.4958,1.0,0.0,1.0
1.0,2.0,1.0,0.0,2.0,37.0042,1.0,0.0,0.0
1.0,3.0,24.540711482890593,0.0,0.0,7.75,1.0,1.0,0.0
1.0,1.0,62.0,0.0,0.0,80.0,0.0,0.0,0.0
1.0,3.0,15.0,1.0,0.0,14.4542,0.0,0.0,0.0
1.0,2.0,0.83,1.0,1.0,18.75,1.0,0.0,1.0
0.0,3.0,27.98236482200376,0.0,0.0,7.2292,1.0,0.0,0.0
0.0,3.0,23.0,0.0,0.0,7.8542,1.0,0.0,1.0
0.0,3.0,18.0,0.0,0.0,8.3,1.0,0.0,1.0
1.0,1.0,39.0,1.0,1.0,83.1583,0.0,0.0,0.0
0.0,3.0,21.0,0.0,0.0,8.6625,1.0,0.0,1.0
0.0,3.0,29.100929497116162,0.0,0.0,8.05,1.0,0.0,1.0
1.0,3.0,32.0,0.0,0.0,56.4958,1.0,0.0,1.0
1.0,1.0,37.229054318879975,0.0,0.0,29.7,1.0,0.0,0.0
0.0,3.0,20.0,0.0,0.0,7.925,1.0,0.0,1.0
0.0,2.0,16.0,0.0,0.0,10.5,1.0,0.0,1.0
1.0,1.0,30.0,0.0,0.0,31.0,0.0,0.0,0.0
0.0,3.0,34.5,0.0,0.0,6.4375,1.0,0.0,0.0
0.0,3.0,17.0,0.0,0.0,8.6625,1.0,0.0,1.0
0.0,3.0,42.0,0.0,0.0,7.55,1.0,0.0,1.0
0.0,3.0,-5.1941792226811,8.0,2.0,69.55,1.0,0.0,1.0
0.0,3.0,35.0,0.0,0.0,7.8958,1.0,0.0,0.0
0.0,2.0,28.0,0.0,1.0,33.0,1.0,0.0,1.0
1.0,1.0,32.520045570276785,1.0,0.0,89.1042,0.0,0.0,0.0
0.0,3.0,4.0,4.0,2.0,31.275,1.0,0.0,1.0
0.0,3.0,74.0,0.0,0.0,7.775,1.0,0.0,1.0
0.0,3.0,9.0,1.0,1.0,15.2458,0.0,0.0,0.0
1.0,1.0,16.0,0.0,1.0,39.4,0.0,0.0,1.0
0.0,2.0,44.0,1.0,0.0,26.0,0.0,0.0,1.0
1.0,3.0,18.0,0.0,1.0,9.35,0.0,0.0,1.0
1.0,1.0,45.0,1.0,1.0,164.8667,0.0,0.0,1.0
1.0,1.0,51.0,0.0,0.0,26.55,1.0,0.0,1.0
1.0,3.0,24.0,0.0,3.0,19.2583,0.0,0.0,0.0
0.0,3.0,27.98236482200376,0.0,0.0,7.2292,1.0,0.0,0.0
0.0,3.0,41.0,2.0,0.0,14.1083,1.0,0.0,1.0
0.0,2.0,21.0,1.0,0.0,11.5,1.0,0.0,1.0
1.0,1.0,48.0,0.0,0.0,25.9292,0.0,0.0,1.0
0.0,3.0,-5.227462338034414,8.0,2.0,69.55,0.0,0.0,1.0
0.0,2.0,24.0,0.0,0.0,13.0,1.0,0.0,1.0
1.0,2.0,42.0,0.0,0.0,13.0,0.0,0.0,1.0
1.0,2.0,27.0,1.0,0.0,13.8583,0.0,0.0,0.0
0.0,1.0,31.0,0.0,0.0,50.4958,1.0,0.0,1.0
0.0,3.0,29.084016940230907,0.0,0.0,9.5,1.0,0.0,1.0
1.0,3.0,4.0,1.0,1.0,11.1333,1.0,0.0,1.0
0.0,3.0,26.0,0.0,0.0,7.8958,1.0,0.0,1.0
1.0,1.0,47.0,1.0,1.0,52.5542,0.0,0.0,1.0
0.0,1.0,33.0,0.0,0.0,5.0,1.0,0.0,1.0
0.0,3.0,47.0,0.0,0.0,9.0,1.0,0.0,1.0
1.0,2.0,28.0,1.0,0.0,24.0,0.0,0.0,0.0
1.0,3.0,15.0,0.0,0.0,7.225,0.0,0.0,0.0
0.0,3.0,20.0,0.0,0.0,9.8458,1.0,0.0,1.0
0.0,3.0,19.0,0.0,0.0,7.8958,1.0,0.0,1.0
0.0,3.0,29.102728060062166,0.0,0.0,7.8958,1.0,0.0,1.0
1.0,1.0,56.0,0.0,1.0,83.1583,0.0,0.0,0.0
1.0,2.0,25.0,0.0,1.0,26.0,0.0,0.0,1.0
0.0,3.0,33.0,0.0,0.0,7.8958,1.0,0.0,1.0
0.0,3.0,22.0,0.0,0.0,10.5167,0.0,0.0,1.0
0.0,2.0,28.0,0.0,0.0,10.5,1.0,0.0,1.0
0.0,3.0,25.0,0.0,0.0,7.05,1.0,0.0,1.0
0.0,3.0,39.0,0.0,5.0,29.125,0.0,1.0,0.0
0.0,2.0,27.0,0.0,0.0,13.0,1.0,0.0,1.0
1.0,1.0,19.0,0.0,0.0,30.0,0.0,0.0,1.0
0.0,3.0,23.19015536392048,1.0,2.0,23.45,0.0,0.0,1.0
1.0,1.0,26.0,0.0,0.0,30.0,1.0,0.0,0.0
0.0,3.0,32.0,0.0,0.0,7.75,1.0,1.0,0.0
